{
  "farPlane": 5000,
  "targetPosition": [-0.9551143646240234, 2.91867446899414, 2.7563438415527344],
  "nearPlane": 0.1,
  "upVector": [0, 0.1, 1],
  "eyePosition": [32, -1700, 500]
}
